Title,Date
"Supereroi","03/01/2025"
"The Boy and the Heron","01/01/2025"
"One Hundred Years of Solitude: It's Like an Earthquake","27/12/2024"
"One Hundred Years of Solitude: Macondo","27/12/2024"
"Harry Potter and the Philosopher's Stone","25/12/2024"
"Playing It Cool","24/12/2024"
"Happiest Season","22/12/2024"
"Love Actually","21/12/2024"
"JOY - The Birth of IVF","16/12/2024"
"Good Grief","15/12/2024"
"A Beautiful Life","15/12/2024"
"Transformers: Rise of the Beasts","13/12/2024"
"The Mothers of Penguins: Something Wrong","09/12/2024"
"Nuovo Olimpo","08/12/2024"
"The Children's Train","08/12/2024"
"Champions","07/12/2024"
"Lasciarsi un giorno a Roma","02/12/2024"
"The Piano Lesson","22/11/2024"
"Adoration: Limited Series: Episode 6","22/11/2024"
"Adoration: Limited Series: Episode 5","21/11/2024"
"Adoration: Limited Series: Episode 4","21/11/2024"
"Adoration: Limited Series: Episode 3","21/11/2024"
"Adoration: Limited Series: Episode 2","20/11/2024"
"Adoration: Limited Series: Episode 1","20/11/2024"
"The Cage: Episode 1","17/11/2024"
"Chiedimi se sono felice","16/11/2024"
"Hot Frosty","16/11/2024"
"Romantiche","11/11/2024"
"Let Go","10/11/2024"
"L’ultima notte di Amore","07/11/2024"
"This Must Be the Place","04/11/2024"
"The Hand of God","04/11/2024"
"A Nearly Normal Family: Limited Series: Chapter Six","03/11/2024"
"A Nearly Normal Family: Limited Series: Chapter Five","03/11/2024"
"A Nearly Normal Family: Limited Series: Chapter Four","02/11/2024"
"A Nearly Normal Family: Limited Series: Chapter Three","01/11/2024"
"A Nearly Normal Family: Limited Series: Chapter Two","01/11/2024"
"A Nearly Normal Family: Limited Series: Chapter One","01/11/2024"
"Maniac: Limited Series: The Chosen One!","23/10/2024"
"Sex Education: Season 4: Episode 6","20/10/2024"
"Four Good Days","19/10/2024"
"Mona Lisa Smile","19/10/2024"
"The Platform 2","09/10/2024"
"Monsters: The Lyle and Erik Menendez Story: Hang Men","08/10/2024"
"Monsters: The Lyle and Erik Menendez Story: Seismic Shifts","08/10/2024"
"Monsters: The Lyle and Erik Menendez Story: Showtime","07/10/2024"
"Monsters: The Lyle and Erik Menendez Story: Don't Dream It's Over","06/10/2024"
"Monsters: The Lyle and Erik Menendez Story: The Hurt Man","06/10/2024"
"Monsters: The Lyle and Erik Menendez Story: Kill or Be Killed","06/10/2024"
"Monsters: The Lyle and Erik Menendez Story: Brother, Can You Spare a Dime?","06/10/2024"
"Monsters: The Lyle and Erik Menendez Story: Spree","06/10/2024"
"Monsters: The Lyle and Erik Menendez Story: Blame It on the Rain","05/10/2024"
"Nobody Wants This: Bat Mitzvah Crashers","04/10/2024"
"Nobody Wants This: My Girl Bina","04/10/2024"
"Nobody Wants This: Rebecca's Box","04/10/2024"
"Nobody Wants This: The Ick","04/10/2024"
"Nobody Wants This: WAGS","04/10/2024"
"Nobody Wants This: My Friend Joanne","04/10/2024"
"Nobody Wants This: Obliterated","04/10/2024"
"Nobody Wants This: Either Aura","03/10/2024"
"Nobody Wants This: A Shiksa Walks Into a Temple","03/10/2024"
"Nobody Wants This: Pilot","03/10/2024"
"Leave the World Behind","01/10/2024"
"A Family Affair","30/09/2024"
"Emily in Paris: Season 4: All Roads Lead to Rome","29/09/2024"
"Emily in Paris: Season 4: Roman Holiday","29/09/2024"
"Emily in Paris: Season 4: Back on the Crazy Horse","29/09/2024"
"Emily in Paris: Season 4: Lost in Translation","29/09/2024"
"Everything Calls for Salvation: Season 2: Week Five","29/09/2024"
"Everything Calls for Salvation: Season 2: Week Four","28/09/2024"
"Everything Calls for Salvation: Season 2: Week Three","28/09/2024"
"Everything Calls for Salvation: Season 2: Week Two","28/09/2024"
"Everything Calls for Salvation: Season 2: Week One","28/09/2024"
"Emily in Paris: Season 4: Last Christmas","27/09/2024"
"Emily in Paris: Season 4: Trompe l'oeil","27/09/2024"
"Emily in Paris: Season 4: The Grey Area","27/09/2024"
"Emily in Paris: Season 4: Masquerade","26/09/2024"
"Emily in Paris: Season 4: Love on the Run","26/09/2024"
"Emily in Paris: Season 4: Break Point","26/09/2024"
"Emily in Paris: Season 3: Charade","26/09/2024"
"Emily in Paris: Season 3: Love Is in the Air","25/09/2024"
"Emily in Paris: Season 3: Fashion Victim","25/09/2024"
"Emily in Paris: Season 3: How to Lose a Designer in 10 Days","25/09/2024"
"Emily in Paris: Season 3: Ex-en-Provence","25/09/2024"
"Emily in Paris: Season 3: Live From Paris, It’s Emily Cooper","25/09/2024"
"Emily in Paris: Season 3: Ooo La La Liste","25/09/2024"
"Emily in Paris: Season 3: Coo D’état","25/09/2024"
"Emily in Paris: Season 3: What's It All About...","24/09/2024"
"Emily in Paris: Season 3: I Have Two Lovers","24/09/2024"
"Emily in Paris: Season 2: French Revolution","24/09/2024"
"Emily in Paris: Season 2: Scents & Sensibility","24/09/2024"
"Emily in Paris: Season 2: Champagne Problems","23/09/2024"
"Emily in Paris: Season 2: The Cook, the Thief, Her Ghost and His Lover","23/09/2024"
"Emily in Paris: Season 2: Boiling Point","22/09/2024"
"Emily in Paris: Season 2: An Englishman in Paris","22/09/2024"
"Emily in Paris: Season 2: Jules and Em","22/09/2024"
"Emily in Paris: Season 2: Bon Anniversaire!","22/09/2024"
"Emily in Paris: Season 2: Do You Know the Way to St. Tropez?","22/09/2024"
"Emily in Paris: Season 1: French Ending","22/09/2024"
"Emily in Paris: Season 2: Voulez-Vous Coucher Avec Moi?","22/09/2024"
"Emily in Paris: Season 1: Cancel Couture","22/09/2024"
"Emily in Paris: Season 1: An American Auction in Paris","22/09/2024"
"Emily in Paris: Season 1: Family Affair","22/09/2024"
"Sex Education: Season 4: Episode 4","21/09/2024"
"Sex Education: Season 4: Episode 5","21/09/2024"
"Emily in Paris: Season 1: Ringarde","21/09/2024"
"Emily in Paris: Season 1: Faux Amis","21/09/2024"
"Emily in Paris: Season 1: A Kiss Is Just a Kiss","21/09/2024"
"Emily in Paris: Season 1: Sexy or Sexist","21/09/2024"
"Emily in Paris: Season 1: Masculin Féminin","21/09/2024"
"Emily in Paris: Season 1: Emily in Paris","21/09/2024"
"His Three Daughters","21/09/2024"
"Il segreto di Liberato","21/09/2024"
"What's Next? The Future with Bill Gates: Truth or Consequences?","19/09/2024"
"Boxer","18/09/2024"
"Sex Education: Season 4: Episode 3","18/09/2024"
"What's Next? The Future with Bill Gates: What Can AI Do for Us/to Us","18/09/2024"
"Sex Education: Season 4: Episode 2","17/09/2024"
"The Best Years","17/09/2024"
"Lovely Boy","16/09/2024"
"The Hummingbird","16/09/2024"
"Sex Education: Season 4: Episode 1","15/09/2024"
"Sex Education: Season 3: Episode 8","15/09/2024"
"Sex Education: Season 3: Episode 7","15/09/2024"
"Sex Education: Season 3: Episode 6","15/09/2024"
"Sex Education: Season 3: Episode 5","14/09/2024"
"Sex Education: Season 3: Episode 4","14/09/2024"
"Sex Education: Season 3: Episode 3","14/09/2024"
"Sex Education: Season 3: Episode 2","13/09/2024"
"Sex Education: Season 2: Episode 8","13/09/2024"
"Sex Education: Season 3: Episode 1","13/09/2024"
"Sex Education: Season 2: Episode 7","13/09/2024"
"Sex Education: Season 2: Episode 6","13/09/2024"
"Sex Education: Season 2: Episode 5","12/09/2024"
"Sex Education: Season 2: Episode 4","12/09/2024"
"Sex Education: Season 2: Episode 3","12/09/2024"
"Sex Education: Season 1: Episode 8","12/09/2024"
"Sex Education: Season 2: Episode 2","12/09/2024"
"Sex Education: Season 2: Episode 1","12/09/2024"
"Sex Education: Season 1: Episode 7","11/09/2024"
"Sex Education: Season 1: Episode 6","11/09/2024"
"Sex Education: Season 1: Episode 4","11/09/2024"
"Sex Education: Season 1: Episode 3","11/09/2024"
"Sex Education: Season 1: Episode 1","11/09/2024"
"Sex Education: Season 1: Episode 2","11/09/2024"
"Top Boy: Season 3: If We Are Not Monsters","10/09/2024"
"Top Boy: Season 3: Has It Come to This","10/09/2024"
"Top Boy: Season 3: The Food Is Killing Us","10/09/2024"
"Top Boy: Season 3: Birthday Party","09/09/2024"
"Top Boy: Season 3: The Tour","09/09/2024"
"Top Boy: Season 3: Step Back","09/09/2024"
"Top Boy: Season 2: Prove Yourself","09/09/2024"
"Top Boy: Summerhouse: Series 1: Episode 1","09/09/2024"
"Top Boy: Season 2: We Ride Out for Family","08/09/2024"
"Top Boy: Season 2: De Capa y Espada","08/09/2024"
"Top Boy: Season 2: 15 Points","08/09/2024"
"Top Boy: Season 2: How Do I Fix This?","08/09/2024"
"Top Boy: Season 2: Fully Loaded Headache","08/09/2024"
"Top Boy: Season 2: Likkle Favour","08/09/2024"
"Top Boy: Season 2: Good Morals","08/09/2024"
"The Hours","07/09/2024"
"Lost in Translation","07/09/2024"
"Shameless (U.S.): Season 1: Pilot","07/09/2024"
"Apollo 13: Survival","07/09/2024"
"One Day: Limited Series: Episode 14","07/09/2024"
"One Day: Limited Series: Episode 13","07/09/2024"
"One Day: Limited Series: Episode 12","07/09/2024"
"One Day: Limited Series: Episode 11","06/09/2024"
"One Day: Limited Series: Episode 10","06/09/2024"
"One Day: Limited Series: Episode 9","06/09/2024"
"One Day: Limited Series: Episode 8","06/09/2024"
"One Day: Limited Series: Episode 7","01/09/2024"
"One Day: Limited Series: Episode 6","01/09/2024"
"One Day: Limited Series: Episode 5","01/09/2024"
"One Day: Limited Series: Episode 4","01/09/2024"
"One Day: Limited Series: Episode 3","31/08/2024"
"One Day: Limited Series: Episode 2","27/08/2024"
"One Day: Limited Series: Episode 1","24/08/2024"
"Promising Young Woman","23/08/2024"
"The Holiday","23/08/2024"
"Notting Hill","22/08/2024"
"Irish Wish","21/08/2024"
"The Mexican","21/08/2024"
"Vanished into the Night","21/08/2024"
"Land","18/08/2024"
"Sweet November","16/08/2024"
"Babylon","13/08/2024"
"Dieci minuti","11/08/2024"
" ","11/08/2024"
"Seven Years in Tibet","03/08/2024"
"The Dirt","02/08/2024"
"Hack Your Health: The Secrets of Your Gut","29/07/2024"
"Non Negotiable","29/07/2024"
"My Shadow Is Your Shadow","27/07/2024"
"The Call of the Wild","27/07/2024"
"Alpha Males: Season 1: Life's What Absorbs You","24/07/2024"
"Alpha Males: Season 1: Deconstructing","24/07/2024"
"You Are What You Eat: A Twin Experiment: Limited Series: Episode 4","24/07/2024"
"You Are What You Eat: A Twin Experiment: Limited Series: Episode 3","24/07/2024"
"You Are What You Eat: A Twin Experiment: Limited Series: Episode 2","24/07/2024"
"You Are What You Eat: A Twin Experiment: Limited Series: Episode 1","23/07/2024"
"The English Game: Episode 1","22/07/2024"
"SanPa: Sins of the Savior: Limited Series: Birth","20/07/2024"
"Supacell: Supacell","18/07/2024"
"Supacell: Andre","17/07/2024"
"Supacell: Rodney","17/07/2024"
"Supacell: Sabrina","17/07/2024"
"Supacell: Tazer","16/07/2024"
"Supacell: Michael","16/07/2024"
"La dea fortuna","15/07/2024"
"The Champion","14/07/2024"
"La Linea verticale: Episode 2","13/07/2024"
"La Linea verticale: Episode 1","11/07/2024"
"The Best of Youth: Episode 4","11/07/2024"
"The Best of Youth: Episode 3","10/07/2024"
"The Best of Youth: Episode 2","10/07/2024"
"The Best of Youth: Episode 1","08/07/2024"
"The Clandestine: Episode 12","08/07/2024"
"The Clandestine: Episode 11","04/07/2024"
"The Clandestine: Episode 10","02/07/2024"
"The Clandestine: Episode 9","01/07/2024"
"The Clandestine: Episode 8","30/06/2024"
"The Clandestine: Episode 7","22/06/2024"
"The Clandestine: Episode 6","22/06/2024"
"The Clandestine: Episode 5","22/06/2024"
"The Clandestine: Episode 4","22/06/2024"
"The Clandestine: Episode 3","21/06/2024"
"The Clandestine: Episode 2","20/06/2024"
"The Clandestine: Little Milan","20/06/2024"
"Obliterated: Real American Heroes","17/06/2024"
"Gold Brick","16/06/2024"
"Eric: Limited Series: Episode 2","10/06/2024"
"Eric: Limited Series: Episode 1","10/06/2024"
"How to Sell Drugs Online (Fast): Season 3: A misdemeanor, a little trip","25/05/2024"
"How to Sell Drugs Online (Fast): Season 3: A single failure, a little slip","22/05/2024"
"Making The Billion Dollar Code","21/05/2024"
"The Billion Dollar Code: Limited Series: Episode 4","21/05/2024"
"The Billion Dollar Code: Limited Series: Episode 3","21/05/2024"
"The Billion Dollar Code: Limited Series: Episode 2","21/05/2024"
"The Billion Dollar Code: Limited Series: Episode 1","20/05/2024"
"Beautiful Rebel","11/05/2024"
"Steve Jobs","05/05/2024"
"Baby Reindeer: Limited Series: Episode 3","28/04/2024"
"Baby Reindeer: Limited Series: Episode 2","28/04/2024"
"Baby Reindeer: Limited Series: Episode 1","28/04/2024"
"Baby Reindeer: Limited Series: Episode 7","28/04/2024"
"Baby Reindeer: Limited Series: Episode 6","28/04/2024"
"Baby Reindeer: Limited Series: Episode 5","28/04/2024"
"Baby Reindeer: Limited Series: Episode 4","28/04/2024"
"Rebel Moon — Part Two: The Scargiver","26/04/2024"
"3 Body Problem: Season 1: Red Coast","20/04/2024"
"Sleight","15/04/2024"
"Pain Hustlers","15/04/2024"
"Unlocked: A Jail Experiment: Shanks and Shakedowns","15/04/2024"
"Crypto Boy","15/04/2024"
"American Underdog: The Kurt Warner Story","14/04/2024"
"Il Giovane Berlusconi: Episode 1","14/04/2024"
"Father Stu","13/04/2024"
"3 Body Problem: Season 1: Countdown","12/04/2024"
"King Richard","11/04/2024"
"The Beautiful Game","10/04/2024"
"Parasyte: The Grey: Limited Series: Episode 1","10/04/2024"
"Crooks: The Sea","10/04/2024"
"Crooks: Madame","10/04/2024"
"Crooks: Rami","10/04/2024"
"Crooks: Old Friends","10/04/2024"
"Crooks: The Ambulance","10/04/2024"
"Crooks: Red","10/04/2024"
"Crooks: The Al-Walids","09/04/2024"
"Crooks: Panther","08/04/2024"
"Scoop","08/04/2024"
"Big George Foreman: The Miraculous Story of the Once and Future Heavyweight Champion of the World","08/04/2024"
"3 Body Problem: Season 1: Our Lord","07/04/2024"
"3 Body Problem: Season 1: Destroyer of Worlds","07/04/2024"
"RIPLEY: Limited Series: I  A HARD MAN TO FIND","06/04/2024"
"Files of the Unexplained: File: Pascagoula Alien Abduction","06/04/2024"
"Il ciclone","05/04/2024"
"Ali","04/04/2024"
"Southpaw","04/04/2024"
"Ford v. Ferrari","02/04/2024"
